ID,Name,Contact,Cricket,Volleyball,Hockey
101,John Smith,555-1234,100,,80
102,Alice Brown,555-2345,,90,
103,Michael Davis,555-3456,120,100,90
104,Sarah Wilson,555-4567,,,70
105,David Johnson,555-5678,110,95,
106,Emily Carter,555-6789,100,,
107,Brian Lee,555-7890,,85,75
108,Jessica Hall,555-8901,115,,95
109,Kevin White,555-9012,,,80
110,Emma Walker,555-0123,105,90,
111,Ryan Harris,555-1111,,85,70
112,Olivia Scott,555-2222,95,,
113,Nathan Green,555-3333,120,110,90
114,Sophia Adams,555-4444,,100,
115,Daniel Baker,555-5555,110,,80
116,Chloe Martin,555-6666,,90,75
117,Ethan Cooper,555-7777,115,150,
118,Mia Phillips,555-8888,100,95,85
119,Lucas Turner,555-9999,,,70
120,Ava Parker,555-0000,110,90,
121,Jonthy,555-5556,100,50,10
122,Kunj,555-4456,,,
